"","video_id","publishedAt","channelId","title","description","thumbnails.default.url","thumbnails.default.width","thumbnails.default.height","thumbnails.medium.url","thumbnails.medium.width","thumbnails.medium.height","thumbnails.high.url","thumbnails.high.width","thumbnails.high.height","channelTitle","liveBroadcastContent","publishTime","date"
"1","qhnveE6_7gY","2023-06-09T21:32:32Z","UCeY0bbntWzzVIaj2z3QigXg","Coverage of Trump classified documents indictment | NBC News","Watch live coverage as former President Trump has been indicted by a federal grand jury in connection with his alleged ...","https://i.ytimg.com/vi/qhnveE6_7gY/default.jpg","120","90","https://i.ytimg.com/vi/qhnveE6_7gY/mqdefault.jpg","320","180","https://i.ytimg.com/vi/qhnveE6_7gY/hqdefault.jpg","480","360","NBC News","none","2023-06-09T21:32:32Z",2023-06-09
"2","qhnveE6_7gY","2023-06-09T21:32:32Z","UCeY0bbntWzzVIaj2z3QigXg","Coverage of Trump classified documents indictment | NBC News","Watch live coverage as former President Trump has been indicted by a federal grand jury in connection with his alleged ...","https://i.ytimg.com/vi/qhnveE6_7gY/default.jpg","120","90","https://i.ytimg.com/vi/qhnveE6_7gY/mqdefault.jpg","320","180","https://i.ytimg.com/vi/qhnveE6_7gY/hqdefault.jpg","480","360","NBC News","none","2023-06-09T21:32:32Z",2023-06-09
"3","O0ZMGs1MYwc","2023-10-15T01:30:13Z","UCeY0bbntWzzVIaj2z3QigXg","U.S. leaders face new challenges amid Israel-Hamas war","As the impact of the Israel-Hamas war is felt across the world, the conflict is now presenting new challenges for United States ...","https://i.ytimg.com/vi/O0ZMGs1MYwc/default.jpg","120","90","https://i.ytimg.com/vi/O0ZMGs1MYwc/mqdefault.jpg","320","180","https://i.ytimg.com/vi/O0ZMGs1MYwc/hqdefault.jpg","480","360","NBC News","none","2023-10-15T01:30:13Z",2023-10-15
"4","A0gA26NvaVI","2023-10-16T14:30:03Z","UCeY0bbntWzzVIaj2z3QigXg","Georgia man shocked by $1.4 million speeding ticket","Savannah city officials say the $1.4 million ticket Connor Cato received after being clocked at 90 mph was due to a software issue.","https://i.ytimg.com/vi/A0gA26NvaVI/default.jpg","120","90","https://i.ytimg.com/vi/A0gA26NvaVI/mqdefault.jpg","320","180","https://i.ytimg.com/vi/A0gA26NvaVI/hqdefault.jpg","480","360","NBC News","none","2023-10-16T14:30:03Z",2023-10-16
"5","i44UdZPO10g","2023-10-16T00:30:17Z","UCeY0bbntWzzVIaj2z3QigXg","Rockets, mines among deadly arsenal recovered after Hamas attack on Israel","Weapons that were recovered following Hamas' deadly attack on Israel are now being analyzed at an Israeli military base.","https://i.ytimg.com/vi/i44UdZPO10g/default.jpg","120","90","https://i.ytimg.com/vi/i44UdZPO10g/mqdefault.jpg","320","180","https://i.ytimg.com/vi/i44UdZPO10g/hqdefault.jpg","480","360","NBC News","none","2023-10-16T00:30:17Z",2023-10-16
"6","4eUYKH9a1rM","2023-10-17T03:20:49Z","UCeY0bbntWzzVIaj2z3QigXg","Nightly News Full Broadcast - Oct. 16","Lester Holt anchors from Israel with details of Hamas releasing its first video of a hostage being held inside Gaza and our team ...","https://i.ytimg.com/vi/4eUYKH9a1rM/default.jpg","120","90","https://i.ytimg.com/vi/4eUYKH9a1rM/mqdefault.jpg","320","180","https://i.ytimg.com/vi/4eUYKH9a1rM/hqdefault.jpg","480","360","NBC News","none","2023-10-17T03:20:49Z",2023-10-17
"7","Rc4ZrR2mYSY","2023-10-17T04:00:19Z","UCeY0bbntWzzVIaj2z3QigXg","Sister of killed Israeli festivalgoer speaks out on &#39;very difficult&#39; aftermath","Adar Eylon reflects on the memory left behind by her sister, Shira, who was killed at the Israeli music festival during the Hamas ...","https://i.ytimg.com/vi/Rc4ZrR2mYSY/default.jpg","120","90","https://i.ytimg.com/vi/Rc4ZrR2mYSY/mqdefault.jpg","320","180","https://i.ytimg.com/vi/Rc4ZrR2mYSY/hqdefault.jpg","480","360","NBC News","none","2023-10-17T04:00:19Z",2023-10-17
"8","IDKZcmztF98","2023-10-17T03:17:25Z","UCeY0bbntWzzVIaj2z3QigXg","Top Story with Tom Llamas - Oct. 16 | NBC News NOW","Hamas says it is willing to release non-Israeli hostages, the Israeli military prepares for the next phase of war, and a shooting in ...","https://i.ytimg.com/vi/IDKZcmztF98/default.jpg","120","90","https://i.ytimg.com/vi/IDKZcmztF98/mqdefault.jpg","320","180","https://i.ytimg.com/vi/IDKZcmztF98/hqdefault.jpg","480","360","NBC News","none","2023-10-17T03:17:25Z",2023-10-17
"9","rDIlPfp5C4Q","2023-10-17T13:11:06Z","UCeY0bbntWzzVIaj2z3QigXg","This Morning’s Top Headlines – Oct. 17","President Joe Biden will travel to Israel to show support for the U.S. ally amid the war with Hamas, the Israeli military appears to be ...","https://i.ytimg.com/vi/rDIlPfp5C4Q/default.jpg","120","90","https://i.ytimg.com/vi/rDIlPfp5C4Q/mqdefault.jpg","320","180","https://i.ytimg.com/vi/rDIlPfp5C4Q/hqdefault.jpg","480","360","NBC News","none","2023-10-17T13:11:06Z",2023-10-17
"10","AHRCUbTJ8nk","2023-10-18T17:30:01Z","UCeY0bbntWzzVIaj2z3QigXg","&#39;We got justice for Natalee&#39;: Beth Holloway reacts to confession from her daughter&#39;s killer","Beth Holloway says she feels ""victorious"" after obtaining Joran van der Sloot's confession to her daughter's killing as part of a plea ...","https://i.ytimg.com/vi/AHRCUbTJ8nk/default.jpg","120","90","https://i.ytimg.com/vi/AHRCUbTJ8nk/mqdefault.jpg","320","180","https://i.ytimg.com/vi/AHRCUbTJ8nk/hqdefault.jpg","480","360","NBC News","none","2023-10-18T17:30:01Z",2023-10-18
"11","rnpjxaJrgoQ","2023-10-18T02:45:01Z","UCeY0bbntWzzVIaj2z3QigXg","Top Story with Tom Llamas - Oct. 17 | NBC News NOW","Recovery efforts continue after a bombing at a hospital in Gaza, Congressman Jim Jordan falls short of his bid for speaker of the ...","https://i.ytimg.com/vi/rnpjxaJrgoQ/default.jpg","120","90","https://i.ytimg.com/vi/rnpjxaJrgoQ/mqdefault.jpg","320","180","https://i.ytimg.com/vi/rnpjxaJrgoQ/hqdefault.jpg","480","360","NBC News","none","2023-10-18T02:45:01Z",2023-10-18
"12","FQ9etVSl3ps","2023-10-18T18:30:08Z","UCeY0bbntWzzVIaj2z3QigXg","Cross-border fighting between Hezbollah and Israel escalates","NBC News' Matt Bradley spoke with protesters at a Hezbollah rally in Lebanon who believe Israel is to blame for the deadly ...","https://i.ytimg.com/vi/FQ9etVSl3ps/default.jpg","120","90","https://i.ytimg.com/vi/FQ9etVSl3ps/mqdefault.jpg","320","180","https://i.ytimg.com/vi/FQ9etVSl3ps/hqdefault.jpg","480","360","NBC News","none","2023-10-18T18:30:08Z",2023-10-18
"13","INYOBWW7kXs","2023-10-18T04:00:14Z","UCeY0bbntWzzVIaj2z3QigXg","Istanbul police use water cannon, pepper spray to disperse consulate protesters","Thousands of protesters who gathered in front of the Israeli consulate in Istanbul, Turkey, were met with a water cannon and ...","https://i.ytimg.com/vi/INYOBWW7kXs/default.jpg","120","90","https://i.ytimg.com/vi/INYOBWW7kXs/mqdefault.jpg","320","180","https://i.ytimg.com/vi/INYOBWW7kXs/hqdefault.jpg","480","360","NBC News","none","2023-10-18T04:00:14Z",2023-10-18
"14","drR_qfrCPf4","2023-10-18T21:35:49Z","UCeY0bbntWzzVIaj2z3QigXg","Israel and Hamas ‘cannot coexist’ under any circumstances, IDF spokesman says","IDF Spokesperson Maj. Doron Spielman joins Meet the Press NOW to discuss takeaways from President Biden's visit to Israel and ...","https://i.ytimg.com/vi/drR_qfrCPf4/default.jpg","120","90","https://i.ytimg.com/vi/drR_qfrCPf4/mqdefault.jpg","320","180","https://i.ytimg.com/vi/drR_qfrCPf4/hqdefault.jpg","480","360","NBC News","none","2023-10-18T21:35:49Z",2023-10-18
"15","C2kHqawTrdY","2023-10-19T16:04:44Z","UCeY0bbntWzzVIaj2z3QigXg","Video shows Palestinian artist playing with children a day before he was killed in Gaza","A Palestinian artist is shown playing with children in #Gaza to raise their spirits less than a day before he was killed in a hospital ...","https://i.ytimg.com/vi/C2kHqawTrdY/default.jpg","120","90","https://i.ytimg.com/vi/C2kHqawTrdY/mqdefault.jpg","320","180","https://i.ytimg.com/vi/C2kHqawTrdY/hqdefault.jpg","480","360","NBC News","none","2023-10-19T16:04:44Z",2023-10-19
"16","ktAc39_WaTI","2023-10-19T21:15:02Z","UCeY0bbntWzzVIaj2z3QigXg","Clashes erupt in the West Bank","Richard Engel reports on clashes in #Ramallah in the #WestBank, one of many across the #MiddleEast. » Subscribe to NBC ...","https://i.ytimg.com/vi/ktAc39_WaTI/default.jpg","120","90","https://i.ytimg.com/vi/ktAc39_WaTI/mqdefault.jpg","320","180","https://i.ytimg.com/vi/ktAc39_WaTI/hqdefault.jpg","480","360","NBC News","none","2023-10-19T21:15:02Z",2023-10-19
"17","bbEQrYNx09U","2023-10-19T21:00:20Z","UCeY0bbntWzzVIaj2z3QigXg","Pentagon: U.S. warship shot down drones and missiles fired from Yemen","Pentagon Press Secretary Brig. Gen. Pat Ryder, confirmed the USS Carney shot down more than a dozen drones as well as three ...","https://i.ytimg.com/vi/bbEQrYNx09U/default.jpg","120","90","https://i.ytimg.com/vi/bbEQrYNx09U/mqdefault.jpg","320","180","https://i.ytimg.com/vi/bbEQrYNx09U/hqdefault.jpg","480","360","NBC News","none","2023-10-19T21:00:20Z",2023-10-19
"18","YgbZkfbbWY8","2023-10-19T02:00:11Z","UCeY0bbntWzzVIaj2z3QigXg","Nightly News Full Broadcast - Oct. 18","Lester Holt anchors from Israel with coverage of President Biden's meeting with Prime Minister Netanyahu and more details on the ...","https://i.ytimg.com/vi/YgbZkfbbWY8/default.jpg","120","90","https://i.ytimg.com/vi/YgbZkfbbWY8/mqdefault.jpg","320","180","https://i.ytimg.com/vi/YgbZkfbbWY8/hqdefault.jpg","480","360","NBC News","none","2023-10-19T02:00:11Z",2023-10-19
"19","DX6vMpVp_q0","2023-10-19T00:00:06Z","UCeY0bbntWzzVIaj2z3QigXg","U.S. ramping up security measures amid warnings of potential violence over Israel-Hamas war","Authorities in the U.S. are ramping up security amid warnings about potential violence mounting nationwide over the ...","https://i.ytimg.com/vi/DX6vMpVp_q0/default.jpg","120","90","https://i.ytimg.com/vi/DX6vMpVp_q0/mqdefault.jpg","320","180","https://i.ytimg.com/vi/DX6vMpVp_q0/hqdefault.jpg","480","360","NBC News","none","2023-10-19T00:00:06Z",2023-10-19
"20","sf9JWHwKtxg","2023-10-19T20:15:02Z","UCeY0bbntWzzVIaj2z3QigXg","Plan to empower interim speaker McHenry loses GOP support","A plan to temporarily empower interim speaker Rep. Patrick McHenry, R-N.C., has lost support among Republicans as they work ...","https://i.ytimg.com/vi/sf9JWHwKtxg/default.jpg","120","90","https://i.ytimg.com/vi/sf9JWHwKtxg/mqdefault.jpg","320","180","https://i.ytimg.com/vi/sf9JWHwKtxg/hqdefault.jpg","480","360","NBC News","none","2023-10-19T20:15:02Z",2023-10-19
"21","MjZxz4QHzjM","2023-10-19T23:30:09Z","UCeY0bbntWzzVIaj2z3QigXg","New signs Israeli ground operation into Gaza could soon come","Israel's Defense Minister told troops they would soon see Gaza “from the inside,” signaling a potential Israeli ground operation ...","https://i.ytimg.com/vi/MjZxz4QHzjM/default.jpg","120","90","https://i.ytimg.com/vi/MjZxz4QHzjM/mqdefault.jpg","320","180","https://i.ytimg.com/vi/MjZxz4QHzjM/hqdefault.jpg","480","360","NBC News","none","2023-10-19T23:30:09Z",2023-10-19
"22","SPPv2oMzHCM","2023-10-19T23:45:01Z","UCeY0bbntWzzVIaj2z3QigXg","Americans living in Israel and Gaza speak out about toll of war","As the Israel-Hamas war rages on, Lester Holt spoke to Americans living in Gaza and Israel for their personal stories about the ...","https://i.ytimg.com/vi/SPPv2oMzHCM/default.jpg","120","90","https://i.ytimg.com/vi/SPPv2oMzHCM/mqdefault.jpg","320","180","https://i.ytimg.com/vi/SPPv2oMzHCM/hqdefault.jpg","480","360","NBC News","none","2023-10-19T23:45:01Z",2023-10-19
"23","kTOpEExcgi4","2023-10-19T12:00:41Z","UCeY0bbntWzzVIaj2z3QigXg","This Morning’s Top Headlines – Oct. 19 | Morning News NOW","The Israel-Hamas war intensifies as anticipation grows over Israel's expected ground invasion, thousands of people in Gaza ...","https://i.ytimg.com/vi/kTOpEExcgi4/default.jpg","120","90","https://i.ytimg.com/vi/kTOpEExcgi4/mqdefault.jpg","320","180","https://i.ytimg.com/vi/kTOpEExcgi4/hqdefault.jpg","480","360","NBC News","none","2023-10-19T12:00:41Z",2023-10-19
"24","7Eq3Eg7TkOI","2023-10-19T15:15:00Z","UCeY0bbntWzzVIaj2z3QigXg","Morning News NOW Full Broadcast – Oct. 19","The Israel-Hamas war intensifies as anticipation grows over Israel's expected ground invasion, thousands of people in Gaza ...","https://i.ytimg.com/vi/7Eq3Eg7TkOI/default.jpg","120","90","https://i.ytimg.com/vi/7Eq3Eg7TkOI/mqdefault.jpg","320","180","https://i.ytimg.com/vi/7Eq3Eg7TkOI/hqdefault.jpg","480","360","NBC News","none","2023-10-19T15:15:00Z",2023-10-19
"25","PEmW9dfhSdk","2023-10-19T01:45:02Z","UCeY0bbntWzzVIaj2z3QigXg","Hallie Jackson NOW - Oct. 18 | NBC News NOW","U.S. officials say Gaza hospital blast likely a Palestinian Islamic Jihad rocket misfire, U.S. to provide $100 million in assistance for ...","https://i.ytimg.com/vi/PEmW9dfhSdk/default.jpg","120","90","https://i.ytimg.com/vi/PEmW9dfhSdk/mqdefault.jpg","320","180","https://i.ytimg.com/vi/PEmW9dfhSdk/hqdefault.jpg","480","360","NBC News","none","2023-10-19T01:45:02Z",2023-10-19
"26","C0Rv16KCtX0","2023-10-20T03:30:03Z","UCeY0bbntWzzVIaj2z3QigXg","Interim House Speaker McHenry threatens to quit as voting stalls","According to reports, interim House Speaker Patrick McHenry threatened to resign after Republicans pushed him to bring ...","https://i.ytimg.com/vi/C0Rv16KCtX0/default.jpg","120","90","https://i.ytimg.com/vi/C0Rv16KCtX0/mqdefault.jpg","320","180","https://i.ytimg.com/vi/C0Rv16KCtX0/hqdefault.jpg","480","360","NBC News","none","2023-10-20T03:30:03Z",2023-10-20
"27","n-m8uDKqyZ4","2023-10-20T02:26:17Z","UCeY0bbntWzzVIaj2z3QigXg","Nightly News Full Broadcast - Oct. 19","Lester Holt anchors from inside Israel as new signs emerge that an Israeli ground operation could come soon and the ...","https://i.ytimg.com/vi/n-m8uDKqyZ4/default.jpg","120","90","https://i.ytimg.com/vi/n-m8uDKqyZ4/mqdefault.jpg","320","180","https://i.ytimg.com/vi/n-m8uDKqyZ4/hqdefault.jpg","480","360","NBC News","none","2023-10-20T02:26:17Z",2023-10-20
"28","pPBF-NdujOk","2023-10-20T04:00:35Z","UCeY0bbntWzzVIaj2z3QigXg","Antisemitic and anti-Muslim hate crimes on the rise in the U.S.","According to a report from the FBI and DHS, officials are on high alert after recent reports of antisemitic and anti-Muslim hate ...","https://i.ytimg.com/vi/pPBF-NdujOk/default.jpg","120","90","https://i.ytimg.com/vi/pPBF-NdujOk/mqdefault.jpg","320","180","https://i.ytimg.com/vi/pPBF-NdujOk/hqdefault.jpg","480","360","NBC News","none","2023-10-20T04:00:35Z",2023-10-20
"29","HSa81C_gjKI","2023-10-20T04:30:07Z","UCeY0bbntWzzVIaj2z3QigXg","College students facing backlash after Israel-Palestine protests","Some college students have faced backlash after participating in Israel-Palestine protests on campus, with potential employers ...","https://i.ytimg.com/vi/HSa81C_gjKI/default.jpg","120","90","https://i.ytimg.com/vi/HSa81C_gjKI/mqdefault.jpg","320","180","https://i.ytimg.com/vi/HSa81C_gjKI/hqdefault.jpg","480","360","NBC News","none","2023-10-20T04:30:07Z",2023-10-20
"30","Xcx_LGi982c","2023-10-20T01:45:00Z","UCeY0bbntWzzVIaj2z3QigXg","Full Speech: Biden addresses the nation on support for Israel and Ukraine amid both wars","President Biden addressed the nation amid the Israel-Hamas war, where he compared his support for Israel to the U.S. mission in ...","https://i.ytimg.com/vi/Xcx_LGi982c/default.jpg","120","90","https://i.ytimg.com/vi/Xcx_LGi982c/mqdefault.jpg","320","180","https://i.ytimg.com/vi/Xcx_LGi982c/hqdefault.jpg","480","360","NBC News","none","2023-10-20T01:45:00Z",2023-10-20
"31","WOeuaGfu-50","2023-10-20T18:05:38Z","UCeY0bbntWzzVIaj2z3QigXg","Sources say two American hostages released by Hamas","Three sources with direct knowledge of the matter tell NBC News that Hamas has released two American hostages who had been ...","https://i.ytimg.com/vi/WOeuaGfu-50/default.jpg","120","90","https://i.ytimg.com/vi/WOeuaGfu-50/mqdefault.jpg","320","180","https://i.ytimg.com/vi/WOeuaGfu-50/hqdefault.jpg","480","360","NBC News","none","2023-10-20T18:05:38Z",2023-10-20
"32","AG_4gNyzACI","2023-10-20T17:45:00Z","UCeY0bbntWzzVIaj2z3QigXg","Jim Jordan fails on third vote for House speaker","Rep. Jim Jordan, R-Ohio, has failed to secure enough votes to become the next House speaker on the third round. NBC News' ...","https://i.ytimg.com/vi/AG_4gNyzACI/default.jpg","120","90","https://i.ytimg.com/vi/AG_4gNyzACI/mqdefault.jpg","320","180","https://i.ytimg.com/vi/AG_4gNyzACI/hqdefault.jpg","480","360","NBC News","none","2023-10-20T17:45:00Z",2023-10-20
"33","WOeuaGfu-50","2023-10-20T18:05:38Z","UCeY0bbntWzzVIaj2z3QigXg","Sources say two American hostages released by Hamas","Three sources with direct knowledge of the matter tell NBC News that Hamas has released two American hostages who had been ...","https://i.ytimg.com/vi/WOeuaGfu-50/default.jpg","120","90","https://i.ytimg.com/vi/WOeuaGfu-50/mqdefault.jpg","320","180","https://i.ytimg.com/vi/WOeuaGfu-50/hqdefault.jpg","480","360","NBC News","none","2023-10-20T18:05:38Z",2023-10-20
"34","AG_4gNyzACI","2023-10-20T17:45:00Z","UCeY0bbntWzzVIaj2z3QigXg","Jim Jordan fails on third vote for House speaker","Rep. Jim Jordan, R-Ohio, has failed to secure enough votes to become the next House speaker on the third round. NBC News' ...","https://i.ytimg.com/vi/AG_4gNyzACI/default.jpg","120","90","https://i.ytimg.com/vi/AG_4gNyzACI/mqdefault.jpg","320","180","https://i.ytimg.com/vi/AG_4gNyzACI/hqdefault.jpg","480","360","NBC News","none","2023-10-20T17:45:00Z",2023-10-20
"35","lietcrJy1MU","2023-10-20T18:00:18Z","UCeY0bbntWzzVIaj2z3QigXg","Maryland judge killed in &#39;targeted&#39; shooting","Police are searching for Pedro Argote, 49, a suspect in the fatal shooting of Circuit Court Judge Andrew Wilkinson. Wilkinson was ...","https://i.ytimg.com/vi/lietcrJy1MU/default.jpg","120","90","https://i.ytimg.com/vi/lietcrJy1MU/mqdefault.jpg","320","180","https://i.ytimg.com/vi/lietcrJy1MU/hqdefault.jpg","480","360","NBC News","none","2023-10-20T18:00:18Z",2023-10-20
"36","MZWPQmt7a8k","2023-10-20T23:30:05Z","UCeY0bbntWzzVIaj2z3QigXg","Two American hostages released by Hamas","Americans Judith Tai Raanan and her 17-year-old daughter Natalie Shoshana Raanan are the first two hostages to be released ...","https://i.ytimg.com/vi/MZWPQmt7a8k/default.jpg","120","90","https://i.ytimg.com/vi/MZWPQmt7a8k/mqdefault.jpg","320","180","https://i.ytimg.com/vi/MZWPQmt7a8k/hqdefault.jpg","480","360","NBC News","none","2023-10-20T23:30:05Z",2023-10-20
"37","WTGnd6TNLB0","2023-10-20T20:18:09Z","UCeY0bbntWzzVIaj2z3QigXg","Full special report: U.S. hostages released by Hamas identified","The Israeli government has confirmed the identities of the two American hostages released by Hamas as Judith and Natalie ...","https://i.ytimg.com/vi/WTGnd6TNLB0/default.jpg","120","90","https://i.ytimg.com/vi/WTGnd6TNLB0/mqdefault.jpg","320","180","https://i.ytimg.com/vi/WTGnd6TNLB0/hqdefault.jpg","480","360","NBC News","none","2023-10-20T20:18:09Z",2023-10-20
"38","hDaBljvB1yQ","2023-10-20T12:30:32Z","UCeY0bbntWzzVIaj2z3QigXg","Video shows aftermath of a deadly blast at an Orthodox church in Gaza City","A Greek Orthodox church in the Gaza Strip that was sheltering hundreds of displaced Palestinians was hit by a deadly explosion ...","https://i.ytimg.com/vi/hDaBljvB1yQ/default.jpg","120","90","https://i.ytimg.com/vi/hDaBljvB1yQ/mqdefault.jpg","320","180","https://i.ytimg.com/vi/hDaBljvB1yQ/hqdefault.jpg","480","360","NBC News","none","2023-10-20T12:30:32Z",2023-10-20
"39","H6xVLZYSVfc","2023-10-20T19:30:01Z","UCeY0bbntWzzVIaj2z3QigXg","Full special report: Sources report two American hostages released by Hamas","Three sources with direct knowledge of the matter tell NBC News that Hamas has released two American hostages who were ...","https://i.ytimg.com/vi/H6xVLZYSVfc/default.jpg","120","90","https://i.ytimg.com/vi/H6xVLZYSVfc/mqdefault.jpg","320","180","https://i.ytimg.com/vi/H6xVLZYSVfc/hqdefault.jpg","480","360","NBC News","none","2023-10-20T19:30:01Z",2023-10-20
"40","YRPCE_bVYms","2023-10-20T22:45:03Z","UCeY0bbntWzzVIaj2z3QigXg","Meet the Press NOW — Oct. 20","Sec. of State Antony Blinken holds a briefing following the release of two American hostages held by Hamas. Former NBC News ...","https://i.ytimg.com/vi/YRPCE_bVYms/default.jpg","120","90","https://i.ytimg.com/vi/YRPCE_bVYms/mqdefault.jpg","320","180","https://i.ytimg.com/vi/YRPCE_bVYms/hqdefault.jpg","480","360","NBC News","none","2023-10-20T22:45:03Z",2023-10-20
"41","9VCOD1ARiEI","2023-10-20T13:00:05Z","UCeY0bbntWzzVIaj2z3QigXg","Gaza aid stuck at Rafah border crossing as Israeli bombardment continues","Humanitarian aid is still held up at the Rafah border crossing amid Israel's bombardments in southern Gaza. NBC News' Jay Gary ...","https://i.ytimg.com/vi/9VCOD1ARiEI/default.jpg","120","90","https://i.ytimg.com/vi/9VCOD1ARiEI/mqdefault.jpg","320","180","https://i.ytimg.com/vi/9VCOD1ARiEI/hqdefault.jpg","480","360","NBC News","none","2023-10-20T13:00:05Z",2023-10-20
"42","f3B7u1hTjoE","2023-10-20T15:05:19Z","UCeY0bbntWzzVIaj2z3QigXg","Morning News NOW Full Broadcast – Oct. 20","The U.N. calls for a cease-fire to open the Rafah border to get aid into Gaza, the U.S. says Israel wasn't behind the deadly Gaza ...","https://i.ytimg.com/vi/f3B7u1hTjoE/default.jpg","120","90","https://i.ytimg.com/vi/f3B7u1hTjoE/mqdefault.jpg","320","180","https://i.ytimg.com/vi/f3B7u1hTjoE/hqdefault.jpg","480","360","NBC News","none","2023-10-20T15:05:19Z",2023-10-20
"43","VffOJlOhMYI","2023-10-20T11:30:12Z","UCeY0bbntWzzVIaj2z3QigXg","Video shows Israeli bombardment of what it says are &#39;terrorist targets&#39; in the Gaza Strip","Israel on Friday released video of night attacks across Gaza, saying it hit over a hundred operational targets in the Gaza Strip.","https://i.ytimg.com/vi/VffOJlOhMYI/default.jpg","120","90","https://i.ytimg.com/vi/VffOJlOhMYI/mqdefault.jpg","320","180","https://i.ytimg.com/vi/VffOJlOhMYI/hqdefault.jpg","480","360","NBC News","none","2023-10-20T11:30:12Z",2023-10-20
"44","VffOJlOhMYI","2023-10-20T11:30:12Z","UCeY0bbntWzzVIaj2z3QigXg","Video shows Israeli bombardment of what it says are &#39;terrorist targets&#39; in the Gaza Strip","Israel on Friday released video of night attacks across Gaza, saying it hit over a hundred operational targets in the Gaza Strip.","https://i.ytimg.com/vi/VffOJlOhMYI/default.jpg","120","90","https://i.ytimg.com/vi/VffOJlOhMYI/mqdefault.jpg","320","180","https://i.ytimg.com/vi/VffOJlOhMYI/hqdefault.jpg","480","360","NBC News","none","2023-10-20T11:30:12Z",2023-10-20
"45","cQouhhs5mb0","2023-10-21T03:00:18Z","UCeY0bbntWzzVIaj2z3QigXg","Dash cam video shows man driving through Portland parade","Newly released dash cam video shows the moments of a road rage incident from inside a pickup truck when a man drove through ...","https://i.ytimg.com/vi/cQouhhs5mb0/default.jpg","120","90","https://i.ytimg.com/vi/cQouhhs5mb0/mqdefault.jpg","320","180","https://i.ytimg.com/vi/cQouhhs5mb0/hqdefault.jpg","480","360","NBC News","none","2023-10-21T03:00:18Z",2023-10-21
"46","G9C-4sXLKAw","2023-10-21T04:00:07Z","UCeY0bbntWzzVIaj2z3QigXg","Former MLB pitcher arrested in connection to alleged California murder","Former MLB pitcher Danny Serafini and Samantha Scott were arrested in connection to the alleged killing and attempted murder ...","https://i.ytimg.com/vi/G9C-4sXLKAw/default.jpg","120","90","https://i.ytimg.com/vi/G9C-4sXLKAw/mqdefault.jpg","320","180","https://i.ytimg.com/vi/G9C-4sXLKAw/hqdefault.jpg","480","360","NBC News","none","2023-10-21T04:00:07Z",2023-10-21
"47","cILSasqMpeU","2023-10-21T02:10:38Z","UCeY0bbntWzzVIaj2z3QigXg","Nightly News Full Broadcast - Oct. 20","Our team is covering the latest updates on the Israel-Hamas war as two American hostages were released and more diplomatic ...","https://i.ytimg.com/vi/cILSasqMpeU/default.jpg","120","90","https://i.ytimg.com/vi/cILSasqMpeU/mqdefault.jpg","320","180","https://i.ytimg.com/vi/cILSasqMpeU/hqdefault.jpg","480","360","NBC News","none","2023-10-21T02:10:38Z",2023-10-21
"48","cILSasqMpeU","2023-10-21T02:10:38Z","UCeY0bbntWzzVIaj2z3QigXg","Nightly News Full Broadcast - Oct. 20","Our team is covering the latest updates on the Israel-Hamas war as two American hostages were released and more diplomatic ...","https://i.ytimg.com/vi/cILSasqMpeU/default.jpg","120","90","https://i.ytimg.com/vi/cILSasqMpeU/mqdefault.jpg","320","180","https://i.ytimg.com/vi/cILSasqMpeU/hqdefault.jpg","480","360","NBC News","none","2023-10-21T02:10:38Z",2023-10-21
"49","I03bLrR4kTw","2023-10-21T00:30:08Z","UCeY0bbntWzzVIaj2z3QigXg","Authorities search for suspect after Maryland judge fatally shot in his driveway","Maryland Circuit Court Judge Andrew Wilkinson was fatally shot in his driveway while his wife and son were in the house.","https://i.ytimg.com/vi/I03bLrR4kTw/default.jpg","120","90","https://i.ytimg.com/vi/I03bLrR4kTw/mqdefault.jpg","320","180","https://i.ytimg.com/vi/I03bLrR4kTw/hqdefault.jpg","480","360","NBC News","none","2023-10-21T00:30:08Z",2023-10-21
"50","KyBWkDh37ic","2023-10-21T02:30:08Z","UCeY0bbntWzzVIaj2z3QigXg","&#39;She sounds very good&#39;: Father of U.S. hostage released by Hamas speaks out","Uri Raanan, the father of Natalie Raanan who along with her mother Judith were released by Hamas, told reporters that his ...","https://i.ytimg.com/vi/KyBWkDh37ic/default.jpg","120","90","https://i.ytimg.com/vi/KyBWkDh37ic/mqdefault.jpg","320","180","https://i.ytimg.com/vi/KyBWkDh37ic/hqdefault.jpg","480","360","NBC News","none","2023-10-21T02:30:08Z",2023-10-21
"51","etKuKD3UaMs","2023-10-21T23:00:16Z","UCeY0bbntWzzVIaj2z3QigXg","‘We are in hell!’: Families of Hamas hostages demand more action","Friends and families of Hamas hostages protested in central Tel Aviv, demanding greater efforts from their government and the ...","https://i.ytimg.com/vi/etKuKD3UaMs/default.jpg","120","90","https://i.ytimg.com/vi/etKuKD3UaMs/mqdefault.jpg","320","180","https://i.ytimg.com/vi/etKuKD3UaMs/hqdefault.jpg","480","360","NBC News","none","2023-10-21T23:00:16Z",2023-10-21
"52","UM5vTh-TR14","2023-10-21T16:04:19Z","UCeY0bbntWzzVIaj2z3QigXg","Video shows trucks carrying aid cross into Gaza at Rafah","An NBC News crew captured the moment trucks carrying humanitarian aid passed through the Rafah border crossing into Gaza.","https://i.ytimg.com/vi/UM5vTh-TR14/default.jpg","120","90","https://i.ytimg.com/vi/UM5vTh-TR14/mqdefault.jpg","320","180","https://i.ytimg.com/vi/UM5vTh-TR14/hqdefault.jpg","480","360","NBC News","none","2023-10-21T16:04:19Z",2023-10-21
"53","pUyI7h1BLXg","2023-10-21T01:17:39Z","UCeY0bbntWzzVIaj2z3QigXg","Hallie Jackson NOW - Oct. 20 | NBC News NOW","Two American hostages were released by Hamas and are now receiving necessary medical treatment, Israel evacuated more ...","https://i.ytimg.com/vi/pUyI7h1BLXg/default.jpg","120","90","https://i.ytimg.com/vi/pUyI7h1BLXg/mqdefault.jpg","320","180","https://i.ytimg.com/vi/pUyI7h1BLXg/hqdefault.jpg","480","360","NBC News","none","2023-10-21T01:17:39Z",2023-10-21
"54","OI8WDGXd0T4","2023-10-21T01:25:12Z","UCeY0bbntWzzVIaj2z3QigXg","Top Story with Tom Llamas - October 20 | NBC News NOW","Two American hostages released by Hamas after nearly two weeks, Rep. Jim Jordan has lost his bid for speaker of the House, ...","https://i.ytimg.com/vi/OI8WDGXd0T4/default.jpg","120","90","https://i.ytimg.com/vi/OI8WDGXd0T4/mqdefault.jpg","320","180","https://i.ytimg.com/vi/OI8WDGXd0T4/hqdefault.jpg","480","360","NBC News","none","2023-10-21T01:25:12Z",2023-10-21
"55","nDvuhkVgdJ8","2023-10-22T00:00:15Z","UCeY0bbntWzzVIaj2z3QigXg","The assassination that shattered peace between Israelis and Palestinians","As Israel and Hamas descend further into war, NBC takes a look back at a time where Israelis and Palestinians almost came to ...","https://i.ytimg.com/vi/nDvuhkVgdJ8/default.jpg","120","90","https://i.ytimg.com/vi/nDvuhkVgdJ8/mqdefault.jpg","320","180","https://i.ytimg.com/vi/nDvuhkVgdJ8/hqdefault.jpg","480","360","NBC News","none","2023-10-22T00:00:15Z",2023-10-22
"56","b5G7qhrKvQY","2023-10-22T23:30:04Z","UCeY0bbntWzzVIaj2z3QigXg","Nashville police chief’s son suspected in shooting of 2 officers","John C. Drake, the son of Metro Nashville Police Chief John Drake, has been identified as a suspect in the shooting of two La ...","https://i.ytimg.com/vi/b5G7qhrKvQY/default.jpg","120","90","https://i.ytimg.com/vi/b5G7qhrKvQY/mqdefault.jpg","320","180","https://i.ytimg.com/vi/b5G7qhrKvQY/hqdefault.jpg","480","360","NBC News","none","2023-10-22T23:30:04Z",2023-10-22
"57","ZAHfubIYFPk","2023-10-22T17:15:01Z","UCeY0bbntWzzVIaj2z3QigXg","Investigation underway into fatal stabbing of Detroit synagogue president","Detroit police are investigating the fatal stabbing of Samantha Woll, a synagogue president found dead outside her home in ...","https://i.ytimg.com/vi/ZAHfubIYFPk/default.jpg","120","90","https://i.ytimg.com/vi/ZAHfubIYFPk/mqdefault.jpg","320","180","https://i.ytimg.com/vi/ZAHfubIYFPk/hqdefault.jpg","480","360","NBC News","none","2023-10-22T17:15:01Z",2023-10-22
"58","Daht1q2ZNHA","2023-10-22T17:15:00Z","UCeY0bbntWzzVIaj2z3QigXg","U.S. to send additional missile defense systems to Middle East, Pentagon says","Overnight, the Pentagon announced the U.S. is sending additional missile defense systems to the Middle East and putting more ...","https://i.ytimg.com/vi/Daht1q2ZNHA/default.jpg","120","90","https://i.ytimg.com/vi/Daht1q2ZNHA/mqdefault.jpg","320","180","https://i.ytimg.com/vi/Daht1q2ZNHA/hqdefault.jpg","480","360","NBC News","none","2023-10-22T17:15:00Z",2023-10-22
"59","fHPXisu1Uug","2023-10-22T17:00:22Z","UCeY0bbntWzzVIaj2z3QigXg","Full Pence: Trump is ‘responsible for the decisions’ he made and ‘demands that he made on me’","Former Vice President Mike Pence, who is seeking the GOP presidential nomination, exclusively joins Meet the Press as former ...","https://i.ytimg.com/vi/fHPXisu1Uug/default.jpg","120","90","https://i.ytimg.com/vi/fHPXisu1Uug/mqdefault.jpg","320","180","https://i.ytimg.com/vi/fHPXisu1Uug/hqdefault.jpg","480","360","NBC News","none","2023-10-22T17:00:22Z",2023-10-22
"60","U_GQkHAjMkI","2023-10-22T19:58:59Z","UCeY0bbntWzzVIaj2z3QigXg","Israel targets mosque in rare West Bank airstrike","Hundreds gathered to mourn the death of two Palestinians after the Israeli military said it launched an airstrike on a “terror cell” at ...","https://i.ytimg.com/vi/U_GQkHAjMkI/default.jpg","120","90","https://i.ytimg.com/vi/U_GQkHAjMkI/mqdefault.jpg","320","180","https://i.ytimg.com/vi/U_GQkHAjMkI/hqdefault.jpg","480","360","NBC News","none","2023-10-22T19:58:59Z",2023-10-22
"61","pJA3aFIyjJo","2023-10-22T00:15:02Z","UCeY0bbntWzzVIaj2z3QigXg","Aid trucks have entered the Rafah Border Crossing between Gaza and Egypt","Aid trucks have entered the #Rafah Border Crossing between #Gaza and #Egypt. » Subscribe to NBC News: ...","https://i.ytimg.com/vi/pJA3aFIyjJo/default.jpg","120","90","https://i.ytimg.com/vi/pJA3aFIyjJo/mqdefault.jpg","320","180","https://i.ytimg.com/vi/pJA3aFIyjJo/hqdefault.jpg","480","360","NBC News","none","2023-10-22T00:15:02Z",2023-10-22
"62","niUr5Fof2OY","2023-10-22T23:02:28Z","UCeY0bbntWzzVIaj2z3QigXg","‘Destroying Hamas is non-negotiable’: U.S. senators pledge support for Israel","A bipartisan group of U.S. senators pledged support for Israel during a press conference in Tel Aviv and accused Iran of being ...","https://i.ytimg.com/vi/niUr5Fof2OY/default.jpg","120","90","https://i.ytimg.com/vi/niUr5Fof2OY/mqdefault.jpg","320","180","https://i.ytimg.com/vi/niUr5Fof2OY/hqdefault.jpg","480","360","NBC News","none","2023-10-22T23:02:28Z",2023-10-22
"63","kVhJzogMdO4","2023-10-22T17:30:04Z","UCeY0bbntWzzVIaj2z3QigXg","Full Blinken: ‘Israel can not go back to the status quo’ after war with Hamas","Secretary of State Antony Blinken discusses Israel's conflict with Hamas and the looming threat of a two-front war during an ...","https://i.ytimg.com/vi/kVhJzogMdO4/default.jpg","120","90","https://i.ytimg.com/vi/kVhJzogMdO4/mqdefault.jpg","320","180","https://i.ytimg.com/vi/kVhJzogMdO4/hqdefault.jpg","480","360","NBC News","none","2023-10-22T17:30:04Z",2023-10-22
"64","X1hqNZ7XW2E","2023-10-22T19:15:00Z","UCeY0bbntWzzVIaj2z3QigXg","U.S. expects ‘likelihood of escalation’ in the Middle East, Blinken says","Secretary of State Antony Blinken says the U.S. has sent a “very strong message” to deter Hezbollah and Iran from escalating ...","https://i.ytimg.com/vi/X1hqNZ7XW2E/default.jpg","120","90","https://i.ytimg.com/vi/X1hqNZ7XW2E/mqdefault.jpg","320","180","https://i.ytimg.com/vi/X1hqNZ7XW2E/hqdefault.jpg","480","360","NBC News","none","2023-10-22T19:15:00Z",2023-10-22
"65","Q7GKSQ-yMdw","2023-10-22T16:30:05Z","UCeY0bbntWzzVIaj2z3QigXg","Full McCarthy: I don’t need the speakership ‘title. I’m going to help in any way I can’","Former House Speaker Kevin McCarthy (R-Calif.) joins Meet the Press in an exclusive interview to discuss House Republicans' ...","https://i.ytimg.com/vi/Q7GKSQ-yMdw/default.jpg","120","90","https://i.ytimg.com/vi/Q7GKSQ-yMdw/mqdefault.jpg","320","180","https://i.ytimg.com/vi/Q7GKSQ-yMdw/hqdefault.jpg","480","360","NBC News","none","2023-10-22T16:30:05Z",2023-10-22
"66","_kG-9zo1rhs","2023-10-22T18:00:16Z","UCeY0bbntWzzVIaj2z3QigXg","Blinken: Israel has &#39;no intent&#39; to govern Gaza after war with Hamas","Blinken: #Israel has 'no intent' to govern #Gaza after war with Hamas » Subscribe to NBC News: ...","https://i.ytimg.com/vi/_kG-9zo1rhs/default.jpg","120","90","https://i.ytimg.com/vi/_kG-9zo1rhs/mqdefault.jpg","320","180","https://i.ytimg.com/vi/_kG-9zo1rhs/hqdefault.jpg","480","360","NBC News","none","2023-10-22T18:00:16Z",2023-10-22
"67","YQEvQs2qdlI","2023-10-23T02:00:12Z","UCeY0bbntWzzVIaj2z3QigXg","Nightly News Full Broadcast - Oct. 22","Fears of wider war growing as Israeli troops exchange fire with Hezbollah in Lebanon; U.S. military sends aircraft carrier and ...","https://i.ytimg.com/vi/YQEvQs2qdlI/default.jpg","120","90","https://i.ytimg.com/vi/YQEvQs2qdlI/mqdefault.jpg","320","180","https://i.ytimg.com/vi/YQEvQs2qdlI/hqdefault.jpg","480","360","NBC News","none","2023-10-23T02:00:12Z",2023-10-23
"68","pIUd1cOTvqs","2023-10-23T14:00:36Z","UCeY0bbntWzzVIaj2z3QigXg","Mortgage rates hit long-time highs as housing affordability drops","With mortgage rates now topping 8%, buyers are continuing to be squeezed by the housing market and rising prices.","https://i.ytimg.com/vi/pIUd1cOTvqs/default.jpg","120","90","https://i.ytimg.com/vi/pIUd1cOTvqs/mqdefault.jpg","320","180","https://i.ytimg.com/vi/pIUd1cOTvqs/hqdefault.jpg","480","360","NBC News","none","2023-10-23T14:00:36Z",2023-10-23
"69","VTeASKOCudI","2023-10-23T22:15:01Z","UCeY0bbntWzzVIaj2z3QigXg","Panel: Eventual speaker ‘may not even be among these nine’ GOP candidates","Nine Republicans are vying to be the next speaker of the House. Susan Page, Mo Elleithee and Brendan Buck join the Meet the ...","https://i.ytimg.com/vi/VTeASKOCudI/default.jpg","120","90","https://i.ytimg.com/vi/VTeASKOCudI/mqdefault.jpg","320","180","https://i.ytimg.com/vi/VTeASKOCudI/hqdefault.jpg","480","360","NBC News","none","2023-10-23T22:15:01Z",2023-10-23
"70","cJVhtH_bALc","2023-10-23T19:27:13Z","UCeY0bbntWzzVIaj2z3QigXg","Hamas releases two female Israeli hostages according to sources","NBC News' Richard Engel says a ""tremendous amount of mediation"" happened in order for two more hostages to be released by ...","https://i.ytimg.com/vi/cJVhtH_bALc/default.jpg","120","90","https://i.ytimg.com/vi/cJVhtH_bALc/mqdefault.jpg","320","180","https://i.ytimg.com/vi/cJVhtH_bALc/hqdefault.jpg","480","360","NBC News","none","2023-10-23T19:27:13Z",2023-10-23
"71","VNE5_tyXRHU","2023-10-23T15:00:26Z","UCeY0bbntWzzVIaj2z3QigXg","Oregon man accused of planning shooting at rock climbing festival","Police say Samson Garner, 39, was ""planning a violent attack"" on a Smith Rock climbing event, and that he was heavily armed ...","https://i.ytimg.com/vi/VNE5_tyXRHU/default.jpg","120","90","https://i.ytimg.com/vi/VNE5_tyXRHU/mqdefault.jpg","320","180","https://i.ytimg.com/vi/VNE5_tyXRHU/hqdefault.jpg","480","360","NBC News","none","2023-10-23T15:00:26Z",2023-10-23
"72","GE5gk-0qW8Q","2023-10-23T18:25:02Z","UCeY0bbntWzzVIaj2z3QigXg","LIVE: NBC News NOW – Oct. 24","NBC News NOW is live, reporting breaking news and developing stories in real time. We are on the scene, covering the most ...","https://i.ytimg.com/vi/GE5gk-0qW8Q/default_live.jpg","120","90","https://i.ytimg.com/vi/GE5gk-0qW8Q/mqdefault_live.jpg","320","180","https://i.ytimg.com/vi/GE5gk-0qW8Q/hqdefault_live.jpg","480","360","NBC News","live","2023-10-23T18:25:02Z",2023-10-23
"73","vix7EQ5jiPo","2023-10-23T22:00:34Z","UCeY0bbntWzzVIaj2z3QigXg","‘The world is burning around us,’ says Republican congressman on speaker vacancy","Rep. Steve Womack (R-Ark.) talks to Meet the Press NOW on the 20th day without an elected House speaker, despite challenges ...","https://i.ytimg.com/vi/vix7EQ5jiPo/default.jpg","120","90","https://i.ytimg.com/vi/vix7EQ5jiPo/mqdefault.jpg","320","180","https://i.ytimg.com/vi/vix7EQ5jiPo/hqdefault.jpg","480","360","NBC News","none","2023-10-23T22:00:34Z",2023-10-23
"74","_QF1UNYWWuA","2023-10-23T17:45:01Z","UCeY0bbntWzzVIaj2z3QigXg","Breaking down the geopolitical implications of war","As the Israel-Hamas war expands and the war in Ukraine drags on, NBC News' Noah Pransky breaks down the geopolitical ...","https://i.ytimg.com/vi/_QF1UNYWWuA/default.jpg","120","90","https://i.ytimg.com/vi/_QF1UNYWWuA/mqdefault.jpg","320","180","https://i.ytimg.com/vi/_QF1UNYWWuA/hqdefault.jpg","480","360","NBC News","none","2023-10-23T17:45:01Z",2023-10-23
"75","zZGtLXxQhjQ","2023-10-23T21:30:05Z","UCeY0bbntWzzVIaj2z3QigXg","Hostage release could ‘delay’ violence in Middle East, says Amb. Dennis Ross","The White House is asking Israel to delay its ground offensive to allow time for hostage talks. Former Middle East Coordinator ...","https://i.ytimg.com/vi/zZGtLXxQhjQ/default.jpg","120","90","https://i.ytimg.com/vi/zZGtLXxQhjQ/mqdefault.jpg","320","180","https://i.ytimg.com/vi/zZGtLXxQhjQ/hqdefault.jpg","480","360","NBC News","none","2023-10-23T21:30:05Z",2023-10-23
"76","sErrmG4N99E","2023-10-23T23:00:33Z","UCeY0bbntWzzVIaj2z3QigXg","‘I believed this moment could come,’ says grandson of released Hamas hostage","The grandson of Yocheved Lifshitz, one of two Israeli hostages released by Hamas, said he felt “very emotional and happy” that ...","https://i.ytimg.com/vi/sErrmG4N99E/default.jpg","120","90","https://i.ytimg.com/vi/sErrmG4N99E/mqdefault.jpg","320","180","https://i.ytimg.com/vi/sErrmG4N99E/hqdefault.jpg","480","360","NBC News","none","2023-10-23T23:00:33Z",2023-10-23
"77","oXHngx99JjE","2023-10-23T23:30:06Z","UCeY0bbntWzzVIaj2z3QigXg","Two Israeli hostages released by Hamas","Two Israeli hostages have been released by Hamas and loaded into ambulances on the Egyptian side of the Gaza border.","https://i.ytimg.com/vi/oXHngx99JjE/default.jpg","120","90","https://i.ytimg.com/vi/oXHngx99JjE/mqdefault.jpg","320","180","https://i.ytimg.com/vi/oXHngx99JjE/hqdefault.jpg","480","360","NBC News","none","2023-10-23T23:30:06Z",2023-10-23
"78","C4QtoOOafVk","2023-10-23T12:02:07Z","UCeY0bbntWzzVIaj2z3QigXg","This Morning’s Top Headlines – Oct. 23","The White House promises a continuous flow of aid into Gaza, Israel increases its airstrikes and the U.S. boosts its military ...","https://i.ytimg.com/vi/C4QtoOOafVk/default.jpg","120","90","https://i.ytimg.com/vi/C4QtoOOafVk/mqdefault.jpg","320","180","https://i.ytimg.com/vi/C4QtoOOafVk/hqdefault.jpg","480","360","NBC News","none","2023-10-23T12:02:07Z",2023-10-23
"79","Ge94f5thF-4","2023-10-23T13:00:12Z","UCeY0bbntWzzVIaj2z3QigXg","Videos show a huge explosion and rockets launched from the Gaza Strip","The skyline over Gaza Strip on Monday morning was punctuated by a huge explosion and the streaks of rockets launched toward ...","https://i.ytimg.com/vi/Ge94f5thF-4/default.jpg","120","90","https://i.ytimg.com/vi/Ge94f5thF-4/mqdefault.jpg","320","180","https://i.ytimg.com/vi/Ge94f5thF-4/hqdefault.jpg","480","360","NBC News","none","2023-10-23T13:00:12Z",2023-10-23
"80","88LSjAKyDjU","2023-10-23T21:45:00Z","UCeY0bbntWzzVIaj2z3QigXg","What does recent activity by Iranian proxy groups mean for the war?","The Pentagon confirms another attempted drone attack against U.S. forces in the Middle East. NBC News Pentagon ...","https://i.ytimg.com/vi/88LSjAKyDjU/default.jpg","120","90","https://i.ytimg.com/vi/88LSjAKyDjU/mqdefault.jpg","320","180","https://i.ytimg.com/vi/88LSjAKyDjU/hqdefault.jpg","480","360","NBC News","none","2023-10-23T21:45:00Z",2023-10-23
"81","-Oc9JVnzkRo","2023-10-23T02:30:00Z","UCeY0bbntWzzVIaj2z3QigXg","Release of 2 American hostages gives hope to families with relatives still held in Gaza","Judith Raanan and her daughter, Natalie, were released on Friday after they were held hostage for nearly two weeks in Gaza, ...","https://i.ytimg.com/vi/-Oc9JVnzkRo/default.jpg","120","90","https://i.ytimg.com/vi/-Oc9JVnzkRo/mqdefault.jpg","320","180","https://i.ytimg.com/vi/-Oc9JVnzkRo/hqdefault.jpg","480","360","NBC News","none","2023-10-23T02:30:00Z",2023-10-23
"82","Bnabw9asNkY","2023-10-23T23:45:00Z","UCeY0bbntWzzVIaj2z3QigXg","Hostage’s parents plead for UN to help free those held by Hamas","23-year-old Hersh Goldberg-Polin is among the hostages believed to be held by Hamas who was at Israel's Supernova music ...","https://i.ytimg.com/vi/Bnabw9asNkY/default.jpg","120","90","https://i.ytimg.com/vi/Bnabw9asNkY/mqdefault.jpg","320","180","https://i.ytimg.com/vi/Bnabw9asNkY/hqdefault.jpg","480","360","NBC News","none","2023-10-23T23:45:00Z",2023-10-23
"83","hPpzh0LyWj0","2023-10-23T17:35:53Z","UCeY0bbntWzzVIaj2z3QigXg","Morning News NOW Full Broadcast – Oct. 23","The White House promises a continuous flow of aid into Gaza, Israel increases its airstrikes and the U.S. boosts its military ...","https://i.ytimg.com/vi/hPpzh0LyWj0/default.jpg","120","90","https://i.ytimg.com/vi/hPpzh0LyWj0/mqdefault.jpg","320","180","https://i.ytimg.com/vi/hPpzh0LyWj0/hqdefault.jpg","480","360","NBC News","none","2023-10-23T17:35:53Z",2023-10-23
"84","WCzJtDY5AWs","2023-10-23T20:30:02Z","UCeY0bbntWzzVIaj2z3QigXg","How hostage releases could be part of Hamas strategy to stave off Israeli ground invasion","NBC News' Josh Lederman reports on a potential strategy behind how Hamas is releasing hostages, including to potentially ...","https://i.ytimg.com/vi/WCzJtDY5AWs/default.jpg","120","90","https://i.ytimg.com/vi/WCzJtDY5AWs/mqdefault.jpg","320","180","https://i.ytimg.com/vi/WCzJtDY5AWs/hqdefault.jpg","480","360","NBC News","none","2023-10-23T20:30:02Z",2023-10-23
"85","-Oc9JVnzkRo","2023-10-23T02:30:00Z","UCeY0bbntWzzVIaj2z3QigXg","Release of 2 American hostages gives hope to families with relatives still held in Gaza","Judith Raanan and her daughter, Natalie, were released on Friday after they were held hostage for nearly two weeks in Gaza, ...","https://i.ytimg.com/vi/-Oc9JVnzkRo/default.jpg","120","90","https://i.ytimg.com/vi/-Oc9JVnzkRo/mqdefault.jpg","320","180","https://i.ytimg.com/vi/-Oc9JVnzkRo/hqdefault.jpg","480","360","NBC News","none","2023-10-23T02:30:00Z",2023-10-23
"86","Bnabw9asNkY","2023-10-23T23:45:00Z","UCeY0bbntWzzVIaj2z3QigXg","Hostage’s parents plead for UN to help free those held by Hamas","23-year-old Hersh Goldberg-Polin is among the hostages believed to be held by Hamas who was at Israel's Supernova music ...","https://i.ytimg.com/vi/Bnabw9asNkY/default.jpg","120","90","https://i.ytimg.com/vi/Bnabw9asNkY/mqdefault.jpg","320","180","https://i.ytimg.com/vi/Bnabw9asNkY/hqdefault.jpg","480","360","NBC News","none","2023-10-23T23:45:00Z",2023-10-23
"87","hPpzh0LyWj0","2023-10-23T17:35:53Z","UCeY0bbntWzzVIaj2z3QigXg","Morning News NOW Full Broadcast – Oct. 23","The White House promises a continuous flow of aid into Gaza, Israel increases its airstrikes and the U.S. boosts its military ...","https://i.ytimg.com/vi/hPpzh0LyWj0/default.jpg","120","90","https://i.ytimg.com/vi/hPpzh0LyWj0/mqdefault.jpg","320","180","https://i.ytimg.com/vi/hPpzh0LyWj0/hqdefault.jpg","480","360","NBC News","none","2023-10-23T17:35:53Z",2023-10-23
"88","OX0-PaSKUEQ","2023-10-23T20:45:00Z","UCeY0bbntWzzVIaj2z3QigXg","Doctors at a Gaza neonatal unit warn of a &#39;huge catastrophe&#39;","Doctors at a #Gaza neonatal intensive care unit warn of a ""huge catastrophe"" as it pleads for medical supplies and fuel. #Israel ...","https://i.ytimg.com/vi/OX0-PaSKUEQ/default.jpg","120","90","https://i.ytimg.com/vi/OX0-PaSKUEQ/mqdefault.jpg","320","180","https://i.ytimg.com/vi/OX0-PaSKUEQ/hqdefault.jpg","480","360","NBC News","none","2023-10-23T20:45:00Z",2023-10-23
"89","DChe-C0Nkvg","2023-10-23T16:00:07Z","UCeY0bbntWzzVIaj2z3QigXg","Mediterranean diet may reduce PTSD symptoms in women, new research shows","Women who followed a Mediterranean diet of fish, vegetables and fruit experienced fewer symptoms of post-traumatic stress ...","https://i.ytimg.com/vi/DChe-C0Nkvg/default.jpg","120","90","https://i.ytimg.com/vi/DChe-C0Nkvg/mqdefault.jpg","320","180","https://i.ytimg.com/vi/DChe-C0Nkvg/hqdefault.jpg","480","360","NBC News","none","2023-10-23T16:00:07Z",2023-10-23
"90","zZa2GdXr5j0","2023-10-23T18:20:14Z","UCeY0bbntWzzVIaj2z3QigXg","LIVE: White House holds press briefing | NBC News","Watch as White House Press Secretary Karine Jean-Pierre holds a press briefing. » Subscribe to NBC News: ...","https://i.ytimg.com/vi/zZa2GdXr5j0/default.jpg","120","90","https://i.ytimg.com/vi/zZa2GdXr5j0/mqdefault.jpg","320","180","https://i.ytimg.com/vi/zZa2GdXr5j0/hqdefault.jpg","480","360","NBC News","none","2023-10-23T18:20:14Z",2023-10-23
"91","HplcdnGjcEw","2023-10-23T18:00:09Z","UCeY0bbntWzzVIaj2z3QigXg","The challenges Israeli troops could encounter in Hamas’ tunnels","An extensive underground network of tunnels built by Hamas presents a unique challenge for Israel if it decides to carry out its ...","https://i.ytimg.com/vi/HplcdnGjcEw/default.jpg","120","90","https://i.ytimg.com/vi/HplcdnGjcEw/mqdefault.jpg","320","180","https://i.ytimg.com/vi/HplcdnGjcEw/hqdefault.jpg","480","360","NBC News","none","2023-10-23T18:00:09Z",2023-10-23
"92","UFtvEDL3V9I","2023-10-23T13:30:12Z","UCeY0bbntWzzVIaj2z3QigXg","WATCH: Ships collide near contentious atoll in the South China Sea","China and the Philippines traded accusations over a collision in disputed waters of the South China Sea as Chinese vessels ...","https://i.ytimg.com/vi/UFtvEDL3V9I/default.jpg","120","90","https://i.ytimg.com/vi/UFtvEDL3V9I/mqdefault.jpg","320","180","https://i.ytimg.com/vi/UFtvEDL3V9I/hqdefault.jpg","480","360","NBC News","none","2023-10-23T13:30:12Z",2023-10-23
"93","2pia7PkXTvc","2023-10-24T00:45:01Z","UCeY0bbntWzzVIaj2z3QigXg","Dense fog causes miles-long car pile-up on I-55 near New Orleans","A combination of dense fog and smoke from at least three wildfires burning in Louisiana caused a miles-long car pile-up on I-55 ...","https://i.ytimg.com/vi/2pia7PkXTvc/default.jpg","120","90","https://i.ytimg.com/vi/2pia7PkXTvc/mqdefault.jpg","320","180","https://i.ytimg.com/vi/2pia7PkXTvc/hqdefault.jpg","480","360","NBC News","none","2023-10-24T00:45:01Z",2023-10-24
"94","YlcfDLL8aSU","2023-10-24T00:00:13Z","UCeY0bbntWzzVIaj2z3QigXg","U.S. moving forces to the Mideast to protect American bases","While the U.S. is not directly involved in the Israel-Hamas war, there have been an increasing number of attacks on U.S. forces in ...","https://i.ytimg.com/vi/YlcfDLL8aSU/default.jpg","120","90","https://i.ytimg.com/vi/YlcfDLL8aSU/mqdefault.jpg","320","180","https://i.ytimg.com/vi/YlcfDLL8aSU/hqdefault.jpg","480","360","NBC News","none","2023-10-24T00:00:13Z",2023-10-24
"95","kCstIyK9-Qk","2023-10-24T03:30:16Z","UCeY0bbntWzzVIaj2z3QigXg","Both sides of Israel-Lebanon border brace for war","The U.S. and Israel are both warning of a potential second front the war as clashes with Hezbollah are escalating in the north.","https://i.ytimg.com/vi/kCstIyK9-Qk/default.jpg","120","90","https://i.ytimg.com/vi/kCstIyK9-Qk/mqdefault.jpg","320","180","https://i.ytimg.com/vi/kCstIyK9-Qk/hqdefault.jpg","480","360","NBC News","none","2023-10-24T03:30:16Z",2023-10-24
"96","TwoGXhSAMqs","2023-10-24T05:30:12Z","UCeY0bbntWzzVIaj2z3QigXg","School bus driver saves choking student","A school bus driver in Texas is being hailed as a hero after jumping into action to save a seven-year-old boy who was choking on ...","https://i.ytimg.com/vi/TwoGXhSAMqs/default.jpg","120","90","https://i.ytimg.com/vi/TwoGXhSAMqs/mqdefault.jpg","320","180","https://i.ytimg.com/vi/TwoGXhSAMqs/hqdefault.jpg","480","360","NBC News","none","2023-10-24T05:30:12Z",2023-10-24
"97","LRC-SIADKHs","2023-10-24T01:00:07Z","UCeY0bbntWzzVIaj2z3QigXg","Car of suspect in Maryland judge’s murder found by police but not him","The car of Pedro Argote, the suspect accused of killing Maryland Circuit Court Judge Andrew Wilkinson, was found by police but ...","https://i.ytimg.com/vi/LRC-SIADKHs/default.jpg","120","90","https://i.ytimg.com/vi/LRC-SIADKHs/mqdefault.jpg","320","180","https://i.ytimg.com/vi/LRC-SIADKHs/hqdefault.jpg","480","360","NBC News","none","2023-10-24T01:00:07Z",2023-10-24
"98","zzMnWQTy40M","2023-10-24T01:15:02Z","UCeY0bbntWzzVIaj2z3QigXg","Top Story with Tom Llamas - Oct. 23 | NBC News NOW","Video shows two elderly women who were being held hostage by Hamas being treated in an ambulance, Israel is ramping up ...","https://i.ytimg.com/vi/zzMnWQTy40M/default.jpg","120","90","https://i.ytimg.com/vi/zzMnWQTy40M/mqdefault.jpg","320","180","https://i.ytimg.com/vi/zzMnWQTy40M/hqdefault.jpg","480","360","NBC News","none","2023-10-24T01:15:02Z",2023-10-24
"99","ubderM7G4hA","2023-10-24T13:30:29Z","UCeY0bbntWzzVIaj2z3QigXg","How the latest walkout in UAW&#39;s strike targets Stellantis","The United Auto Workers union said it expanded its strike after 6800 workers walked off the job to target Stellantis, which ...","https://i.ytimg.com/vi/ubderM7G4hA/default.jpg","120","90","https://i.ytimg.com/vi/ubderM7G4hA/mqdefault.jpg","320","180","https://i.ytimg.com/vi/ubderM7G4hA/hqdefault.jpg","480","360","NBC News","none","2023-10-24T13:30:29Z",2023-10-24
"100","2r9QxJp_508","2023-10-24T12:54:31Z","UCeY0bbntWzzVIaj2z3QigXg","This Morning’s Top Headlines – Oct. 24","One of two hostages released by Hamas describes her time in captivity, Israel continues to carry out airstrikes on Gaza as the ...","https://i.ytimg.com/vi/2r9QxJp_508/default.jpg","120","90","https://i.ytimg.com/vi/2r9QxJp_508/mqdefault.jpg","320","180","https://i.ytimg.com/vi/2r9QxJp_508/hqdefault.jpg","480","360","NBC News","none","2023-10-24T12:54:31Z",2023-10-24
"101","NkIeeHYzNpo","2023-10-24T14:00:21Z","UCeY0bbntWzzVIaj2z3QigXg","What it will take for SAG-AFTRA and Hollywood studios to reach an agreement","SAG-AFTRA and the Alliance of Motion Picture and Television Producers will resume negotiations after talks came to a stand-still ...","https://i.ytimg.com/vi/NkIeeHYzNpo/default.jpg","120","90","https://i.ytimg.com/vi/NkIeeHYzNpo/mqdefault.jpg","320","180","https://i.ytimg.com/vi/NkIeeHYzNpo/hqdefault.jpg","480","360","NBC News","none","2023-10-24T14:00:21Z",2023-10-24
"102","2-dB9c3KcUE","2023-10-24T17:03:40Z","UCeY0bbntWzzVIaj2z3QigXg","BREAKING: Rep. Tom Emmer selected by House GOP as next speaker candidate","After multiple rounds of voting behind closed doors, House Republicans have chosen Rep. Tom Emmer, R-Minn., as their next ...","https://i.ytimg.com/vi/2-dB9c3KcUE/default.jpg","120","90","https://i.ytimg.com/vi/2-dB9c3KcUE/mqdefault.jpg","320","180","https://i.ytimg.com/vi/2-dB9c3KcUE/hqdefault.jpg","480","360","NBC News","none","2023-10-24T17:03:40Z",2023-10-24
"103","ANf6Tapf3Wk","2023-10-24T01:25:10Z","UCeY0bbntWzzVIaj2z3QigXg","Hallie Jackson NOW - Oct. 23 | NBC News NOW","Two more hostages released by Hamas, sources say U.S. is advising Israel to delay ground invasion for hostage talks and aid, ...","https://i.ytimg.com/vi/ANf6Tapf3Wk/default.jpg","120","90","https://i.ytimg.com/vi/ANf6Tapf3Wk/mqdefault.jpg","320","180","https://i.ytimg.com/vi/ANf6Tapf3Wk/hqdefault.jpg","480","360","NBC News","none","2023-10-24T01:25:10Z",2023-10-24
"104","btnvEr10dsU","2023-10-24T02:30:13Z","UCeY0bbntWzzVIaj2z3QigXg","Horrors of war hitting Israel, Gaza, as fight against Hamas continues","In Israel workers are trying to identify hundreds of unrecognizable bodies two weeks after the massacre by Hamas while in Gaza ...","https://i.ytimg.com/vi/btnvEr10dsU/default.jpg","120","90","https://i.ytimg.com/vi/btnvEr10dsU/mqdefault.jpg","320","180","https://i.ytimg.com/vi/btnvEr10dsU/hqdefault.jpg","480","360","NBC News","none","2023-10-24T02:30:13Z",2023-10-24
"105","NNJIL0zKS08","2023-10-24T12:30:23Z","UCeY0bbntWzzVIaj2z3QigXg","Freed hostage describes what it was like being taken by Hamas","One of the two hostages released by Hamas described the vast network of tunnels used by the militants below Gaza and her ...","https://i.ytimg.com/vi/NNJIL0zKS08/default.jpg","120","90","https://i.ytimg.com/vi/NNJIL0zKS08/mqdefault.jpg","320","180","https://i.ytimg.com/vi/NNJIL0zKS08/hqdefault.jpg","480","360","NBC News","none","2023-10-24T12:30:23Z",2023-10-24
"106","TsjVbJH6KXI","2023-10-24T15:18:44Z","UCeY0bbntWzzVIaj2z3QigXg","Morning News NOW Full Broadcast - Oct. 24","One of two hostages released by Hamas describes her time in captivity, nearly 7000 United Auto Worker members walk off the job ...","https://i.ytimg.com/vi/TsjVbJH6KXI/default.jpg","120","90","https://i.ytimg.com/vi/TsjVbJH6KXI/mqdefault.jpg","320","180","https://i.ytimg.com/vi/TsjVbJH6KXI/hqdefault.jpg","480","360","NBC News","none","2023-10-24T15:18:44Z",2023-10-24
"107","Oap20XgEmF0","2023-10-24T00:30:11Z","UCeY0bbntWzzVIaj2z3QigXg","Detroit synagogue president stabbed to death, no arrests announced yet","An investigation is underway after a well-known Detroit Jewish leader was stabbed to death. Multiple persons of interest are being ...","https://i.ytimg.com/vi/Oap20XgEmF0/default.jpg","120","90","https://i.ytimg.com/vi/Oap20XgEmF0/mqdefault.jpg","320","180","https://i.ytimg.com/vi/Oap20XgEmF0/hqdefault.jpg","480","360","NBC News","none","2023-10-24T00:30:11Z",2023-10-24
